Metric,Value
Accuracy,0.9930684194801315
Precision,1.0
Recall,0.9924636174636174
F1 Score,0.9962175557584453
